{
  "Component-preload.js": 1742896482562,
  "ext/controller/PDF_handler.js": 1741618955619,
  "ext/controller/RegController.controller.js": 1742556252592,
  "ext/controller/RegPDF_handler.js": 1742571803650,
  "manifest.json": 1742896479727,
  "Component.js": 1739962873681,
  "ext/controller/PDF_handler-dbg.js": 1741618955619,
  "ext/controller/PDF_handler.js.map": 1742896481452,
  "ext/controller/RegController-dbg.controller.js": 1742556252592,
  "ext/controller/RegController.controller.js.map": 1742896481447,
  "ext/controller/RegPDF_handler-dbg.js": 1742571803650,
  "ext/controller/RegPDF_handler.js.map": 1742896481453,
  "Component-dbg.js": 1739962873681,
  "Component.js.map": 1742896481446,
  "i18n/i18n.properties": 1739976040105,
  "Component-preload.js.map": 1742896482562,
  "index.html": 1741353874371
}